mapsec,mapsec_id,ptr,name,bytes,raw,pool_index,map_ids,source,region_semantics,page_path,error
0x58,88,0x083EECFC,真新镇,7,10590e4d1065ff,0,"[""2:27"", ""2:28"", ""3:0"", ""42:1"", ""42:2"", ""42:3"", ""42:4"", ""43:8"", ""43:9"", ""44:15"", ""44:9"", ""45:8"", ""49:20"", ""49:21"", ""49:22"", ""4:0"", ""4:1"", ""4:2"", ""4:3"", ""52:10"", ""52:13"", ""52:14"", ""52:15"", ""52:16"", ""52:17"", ""52:18"", ""52:19"", ""52:20"", ""52:21"", ""52:22"", ""52:25"", ""52:26"", ""52:28"", ""52:29"", ""52:30"", ""52:31"", ""52:32"", ""52:33"", ""52:34"", ""52:35"", ""52:38"", ""52:39"", ""52:4"", ""52:40"", ""52:41"", ""52:8"", ""52:9"", ""53:18"", ""54:10"", ""55:35"", ""55:37"", ""55:38"", ""55:39"", ""55:42"", ""55:43"", ""55:44"", ""55:45"", ""55:46"", ""55:47"", ""55:48"", ""55:49"", ""55:50"", ""55:51"", ""55:52"", ""55:53"", ""55:55"", ""55:57"", ""55:58"", ""56:16"", ""56:31"", ""56:39"", ""56:47"", ""56:48"", ""56:50"", ""56:54"", ""56:55"", ""56:56"", ""56:57"", ""56:58"", ""56:59"", ""56:60"", ""56:61"", ""56:62"", ""56:63"", ""56:64"", ""56:65"", ""56:66"", ""56:67"", ""56:68"", ""56:70"", ""56:71"", ""56:72"", ""56:73"", ""56:75"", ""56:79"", ""56:8"", ""56:80"", ""56:81""]","{""path"": ""maps_research/out/maps/mapsec_names.json"", ""json_pointer"": ""/names/0"", ""file_sha256"": ""60eae9ad6ccb185c6a4562e25a1c7403635e6077c038572f3d4842ab335fa8b6""}",ROM map section; not inferred major region,world/pages/regions/0088.md,
0x59,89,0x083EED08,常青市,7,02250b020c15ff,1,"[""3:1"", ""5:0"", ""5:1"", ""5:2"", ""5:3"", ""5:4"", ""5:5""]","{""path"": ""maps_research/out/maps/mapsec_names.json"", ""json_pointer"": ""/names/1"", ""file_sha256"": ""60eae9ad6ccb185c6a4562e25a1c7403635e6077c038572f3d4842ab335fa8b6""}",ROM map section; not inferred major region,world/pages/regions/0089.md,
0x5A,90,0x083EED16,尼比市,7,09d701850c15ff,2,"[""3:2"", ""6:0"", ""6:1"", ""6:2"", ""6:3"", ""6:4"", ""6:5"", ""6:6"", ""6:7""]","{""path"": ""maps_research/out/maps/mapsec_names.json"", ""json_pointer"": ""/names/2"", ""file_sha256"": ""60eae9ad6ccb185c6a4562e25a1c7403635e6077c038572f3d4842ab335fa8b6""}",ROM map section; not inferred major region,world/pages/regions/0090.md,
0x5B,91,0x083EED22,华蓝市,7,0537082b0c15ff,3,"[""3:3"", ""7:0"", ""7:1"", ""7:2"", ""7:3"", ""7:4"", ""7:5"", ""7:6"", ""7:7"", ""7:8"", ""7:9""]","{""path"": ""maps_research/out/maps/mapsec_names.json"", ""json_pointer"": ""/names/3"", ""file_sha256"": ""60eae9ad6ccb185c6a4562e25a1c7403635e6077c038572f3d4842ab335fa8b6""}",ROM map section; not inferred major region,world/pages/regions/0091.md,
0x5C,92,0x083EED30,紫苑镇,7,11070fc31065ff,4,"[""3:4"", ""8:0"", ""8:1"", ""8:2"", ""8:3"", ""8:4"", ""8:5""]","{""path"": ""maps_research/out/maps/mapsec_names.json"", ""json_pointer"": ""/names/4"", ""file_sha256"": ""60eae9ad6ccb185c6a4562e25a1c7403635e6077c038572f3d4842ab335fa8b6""}",ROM map section; not inferred major region,world/pages/regions/0092.md,
0x5D,93,0x083EED3E,枯叶市,7,07eb0f060c15ff,5,"[""3:5"", ""9:0"", ""9:1"", ""9:2"", ""9:3"", ""9:4"", ""9:5"", ""9:6"", ""9:7""]","{""path"": ""maps_research/out/maps/mapsec_names.json"", ""json_pointer"": ""/names/5"", ""file_sha256"": ""60eae9ad6ccb185c6a4562e25a1c7403635e6077c038572f3d4842ab335fa8b6""}",ROM map section; not inferred major region,world/pages/regions/0093.md,
0x5E,94,0x083EED4D,玉虹市,7,0f9f05160c15ff,6,"[""10:0"", ""10:1"", ""10:10"", ""10:11"", ""10:12"", ""10:13"", ""10:14"", ""10:15"", ""10:16"", ""10:17"", ""10:18"", ""10:19"", ""10:2"", ""10:3"", ""10:4"", ""10:5"", ""10:6"", ""10:7"", ""10:8"", ""10:9"", ""3:6""]","{""path"": ""maps_research/out/maps/mapsec_names.json"", ""json_pointer"": ""/names/6"", ""file_sha256"": ""60eae9ad6ccb185c6a4562e25a1c7403635e6077c038572f3d4842ab335fa8b6""}",ROM map section; not inferred major region,world/pages/regions/0094.md,
0x5F,95,0x083EED5A,浅红市,7,0acc051b0c15ff,7,"[""11:0"", ""11:1"", ""11:2"", ""11:3"", ""11:4"", ""11:5"", ""11:6"", ""11:7"", ""11:8"", ""11:9"", ""3:7""]","{""path"": ""maps_research/out/maps/mapsec_names.json"", ""json_pointer"": ""/names/7"", ""file_sha256"": ""60eae9ad6ccb185c6a4562e25a1c7403635e6077c038572f3d4842ab335fa8b6""}",ROM map section; not inferred major region,world/pages/regions/0095.md,
0x60,96,0x083EED67,红莲岛,7,051b087e0301ff,8,"[""12:0"", ""12:1"", ""12:2"", ""12:3"", ""12:4"", ""12:5"", ""12:6"", ""12:7"", ""3:8""]","{""path"": ""maps_research/out/maps/mapsec_names.json"", ""json_pointer"": ""/names/8"", ""file_sha256"": ""60eae9ad6ccb185c6a4562e25a1c7403635e6077c038572f3d4842ab335fa8b6""}",ROM map section; not inferred major region,world/pages/regions/0096.md,
0x61,97,0x083EED77,石英高原,9,0beb0f5004490fb9ff,9,"[""13:0"", ""13:1"", ""34:1"", ""34:3"", ""3:9""]","{""path"": ""maps_research/out/maps/mapsec_names.json"", ""json_pointer"": ""/names/9"", ""file_sha256"": ""60eae9ad6ccb185c6a4562e25a1c7403635e6077c038572f3d4842ab335fa8b6""}",ROM map section; not inferred major region,world/pages/regions/0097.md,
0x62,98,0x083EED86,山吹市,7,0b9b02950c15ff,10,"[""14:0"", ""14:1"", ""14:2"", ""14:3"", ""14:4"", ""14:5"", ""14:6"", ""14:7"", ""14:8"", ""14:9"", ""3:10"", ""3:11""]","{""path"": ""maps_research/out/maps/mapsec_names.json"", ""json_pointer"": ""/names/10"", ""file_sha256"": ""60eae9ad6ccb185c6a4562e25a1c7403635e6077c038572f3d4842ab335fa8b6""}",ROM map section; not inferred major region,world/pages/regions/0098.md,
0x63,99,0x083EED93,擂钵山,7,085301c20b9bff,11,"[""1:111"", ""42:0"", ""55:10"", ""55:11"", ""55:12"", ""55:13"", ""55:36"", ""55:41"", ""55:8"", ""55:9"", ""56:42""]","{""path"": ""maps_research/out/maps/mapsec_names.json"", ""json_pointer"": ""/names/11"", ""file_sha256"": ""60eae9ad6ccb185c6a4562e25a1c7403635e6077c038572f3d4842ab335fa8b6""}",ROM map section; not inferred major region,world/pages/regions/0099.md,
0x64,100,0x083EED9B,10号公路,9,a2a104eb047308e8ff,12,[],"{""path"": ""maps_research/out/maps/mapsec_names.json"", ""json_pointer"": ""/names/12"", ""file_sha256"": ""60eae9ad6ccb185c6a4562e25a1c7403635e6077c038572f3d4842ab335fa8b6""}",ROM map section; not inferred major region,world/pages/regions/0100.md,
0x65,101,0x083EEDA4,1号公路,8,a204eb047308e8ff,13,"[""3:19""]","{""path"": ""maps_research/out/maps/mapsec_names.json"", ""json_pointer"": ""/names/13"", ""file_sha256"": ""60eae9ad6ccb185c6a4562e25a1c7403635e6077c038572f3d4842ab335fa8b6""}",ROM map section; not inferred major region,world/pages/regions/0101.md,
0x66,102,0x083EEDAC,2号公路,8,a304eb047308e8ff,14,"[""15:0"", ""15:1"", ""15:2"", ""15:3"", ""3:20""]","{""path"": ""maps_research/out/maps/mapsec_names.json"", ""json_pointer"": ""/names/14"", ""file_sha256"": ""60eae9ad6ccb185c6a4562e25a1c7403635e6077c038572f3d4842ab335fa8b6""}",ROM map section; not inferred major region,world/pages/regions/0102.md,
0x67,103,0x083EEDB4,3号公路,8,a404eb047308e8ff,15,"[""3:21""]","{""path"": ""maps_research/out/maps/mapsec_names.json"", ""json_pointer"": ""/names/15"", ""file_sha256"": ""60eae9ad6ccb185c6a4562e25a1c7403635e6077c038572f3d4842ab335fa8b6""}",ROM map section; not inferred major region,world/pages/regions/0103.md,
0x68,104,0x083EEDBC,4号公路,8,a504eb047308e8ff,16,"[""16:0"", ""16:1"", ""3:22""]","{""path"": ""maps_research/out/maps/mapsec_names.json"", ""json_pointer"": ""/names/16"", ""file_sha256"": ""60eae9ad6ccb185c6a4562e25a1c7403635e6077c038572f3d4842ab335fa8b6""}",ROM map section; not inferred major region,world/pages/regions/0104.md,
0x69,105,0x083EEDC4,5号公路,8,a604eb047308e8ff,17,"[""17:0"", ""17:1"", ""3:23""]","{""path"": ""maps_research/out/maps/mapsec_names.json"", ""json_pointer"": ""/names/17"", ""file_sha256"": ""60eae9ad6ccb185c6a4562e25a1c7403635e6077c038572f3d4842ab335fa8b6""}",ROM map section; not inferred major region,world/pages/regions/0105.md,
0x6A,106,0x083EEDCC,6号公路,8,a704eb047308e8ff,18,"[""18:0"", ""18:1"", ""3:24""]","{""path"": ""maps_research/out/maps/mapsec_names.json"", ""json_pointer"": ""/names/18"", ""file_sha256"": ""60eae9ad6ccb185c6a4562e25a1c7403635e6077c038572f3d4842ab335fa8b6""}",ROM map section; not inferred major region,world/pages/regions/0106.md,
0x6B,107,0x083EEDD4,7号公路,8,a804eb047308e8ff,19,"[""19:0"", ""3:25""]","{""path"": ""maps_research/out/maps/mapsec_names.json"", ""json_pointer"": ""/names/19"", ""file_sha256"": ""60eae9ad6ccb185c6a4562e25a1c7403635e6077c038572f3d4842ab335fa8b6""}",ROM map section; not inferred major region,world/pages/regions/0107.md,
0x6C,108,0x083EEDDC,8号公路,8,a904eb047308e8ff,20,"[""20:0"", ""3:26""]","{""path"": ""maps_research/out/maps/mapsec_names.json"", ""json_pointer"": ""/names/20"", ""file_sha256"": ""60eae9ad6ccb185c6a4562e25a1c7403635e6077c038572f3d4842ab335fa8b6""}",ROM map section; not inferred major region,world/pages/regions/0108.md,
0x6D,109,0x083EEDE4,9号公路,8,aa04eb047308e8ff,21,"[""3:27""]","{""path"": ""maps_research/out/maps/mapsec_names.json"", ""json_pointer"": ""/names/21"", ""file_sha256"": ""60eae9ad6ccb185c6a4562e25a1c7403635e6077c038572f3d4842ab335fa8b6""}",ROM map section; not inferred major region,world/pages/regions/0109.md,
0x6E,110,0x083EEDEC,10号公路,9,a2a104eb047308e8ff,22,"[""21:0"", ""21:1"", ""3:28""]","{""path"": ""maps_research/out/maps/mapsec_names.json"", ""json_pointer"": ""/names/22"", ""file_sha256"": ""60eae9ad6ccb185c6a4562e25a1c7403635e6077c038572f3d4842ab335fa8b6""}",ROM map section; not inferred major region,world/pages/regions/0110.md,
0x6F,111,0x083EEDF5,11号公路,9,a2a204eb047308e8ff,23,"[""22:0"", ""22:1"", ""3:29""]","{""path"": ""maps_research/out/maps/mapsec_names.json"", ""json_pointer"": ""/names/23"", ""file_sha256"": ""60eae9ad6ccb185c6a4562e25a1c7403635e6077c038572f3d4842ab335fa8b6""}",ROM map section; not inferred major region,world/pages/regions/0111.md,
0x70,112,0x083EEDFE,12号公路,9,a2a304eb047308e8ff,24,"[""23:0"", ""23:1"", ""23:2"", ""3:30""]","{""path"": ""maps_research/out/maps/mapsec_names.json"", ""json_pointer"": ""/names/24"", ""file_sha256"": ""60eae9ad6ccb185c6a4562e25a1c7403635e6077c038572f3d4842ab335fa8b6""}",ROM map section; not inferred major region,world/pages/regions/0112.md,
0x71,113,0x083EEE07,13号公路,9,a2a404eb047308e8ff,25,"[""3:31""]","{""path"": ""maps_research/out/maps/mapsec_names.json"", ""json_pointer"": ""/names/25"", ""file_sha256"": ""60eae9ad6ccb185c6a4562e25a1c7403635e6077c038572f3d4842ab335fa8b6""}",ROM map section; not inferred major region,world/pages/regions/0113.md,
0x72,114,0x083EEE10,14号公路,9,a2a504eb047308e8ff,26,"[""3:32""]","{""path"": ""maps_research/out/maps/mapsec_names.json"", ""json_pointer"": ""/names/26"", ""file_sha256"": ""60eae9ad6ccb185c6a4562e25a1c7403635e6077c038572f3d4842ab335fa8b6""}",ROM map section; not inferred major region,world/pages/regions/0114.md,
0x73,115,0x083EEE19,15号公路,9,a2a604eb047308e8ff,27,"[""24:0"", ""24:1"", ""3:33""]","{""path"": ""maps_research/out/maps/mapsec_names.json"", ""json_pointer"": ""/names/27"", ""file_sha256"": ""60eae9ad6ccb185c6a4562e25a1c7403635e6077c038572f3d4842ab335fa8b6""}",ROM map section; not inferred major region,world/pages/regions/0115.md,
0x74,116,0x083EEE22,16号公路,9,a2a704eb047308e8ff,28,"[""25:0"", ""25:1"", ""25:2"", ""3:34""]","{""path"": ""maps_research/out/maps/mapsec_names.json"", ""json_pointer"": ""/names/28"", ""file_sha256"": ""60eae9ad6ccb185c6a4562e25a1c7403635e6077c038572f3d4842ab335fa8b6""}",ROM map section; not inferred major region,world/pages/regions/0116.md,
0x75,117,0x083EEE2B,17号公路,9,a2a804eb047308e8ff,29,"[""3:35""]","{""path"": ""maps_research/out/maps/mapsec_names.json"", ""json_pointer"": ""/names/29"", ""file_sha256"": ""60eae9ad6ccb185c6a4562e25a1c7403635e6077c038572f3d4842ab335fa8b6""}",ROM map section; not inferred major region,world/pages/regions/0117.md,
0x76,118,0x083EEE34,18号公路,9,a2a904eb047308e8ff,30,"[""26:0"", ""26:1"", ""3:36""]","{""path"": ""maps_research/out/maps/mapsec_names.json"", ""json_pointer"": ""/names/30"", ""file_sha256"": ""60eae9ad6ccb185c6a4562e25a1c7403635e6077c038572f3d4842ab335fa8b6""}",ROM map section; not inferred major region,world/pages/regions/0118.md,
0x77,119,0x083EEE3D,19号航道,9,a2aa04eb04e30307ff,31,"[""27:0"", ""3:37""]","{""path"": ""maps_research/out/maps/mapsec_names.json"", ""json_pointer"": ""/names/31"", ""file_sha256"": ""60eae9ad6ccb185c6a4562e25a1c7403635e6077c038572f3d4842ab335fa8b6""}",ROM map section; not inferred major region,world/pages/regions/0119.md,
0x78,120,0x083EEE46,20号航道,9,a3a104eb04e30307ff,32,"[""3:38""]","{""path"": ""maps_research/out/maps/mapsec_names.json"", ""json_pointer"": ""/names/32"", ""file_sha256"": ""60eae9ad6ccb185c6a4562e25a1c7403635e6077c038572f3d4842ab335fa8b6""}",ROM map section; not inferred major region,world/pages/regions/0120.md,
0x79,121,0x083EEE4F,21号航道,9,a3a204eb04e30307ff,33,"[""3:39"", ""3:40""]","{""path"": ""maps_research/out/maps/mapsec_names.json"", ""json_pointer"": ""/names/33"", ""file_sha256"": ""60eae9ad6ccb185c6a4562e25a1c7403635e6077c038572f3d4842ab335fa8b6""}",ROM map section; not inferred major region,world/pages/regions/0121.md,
0x7A,122,0x083EEE58,22号公路,9,a3a304eb047308e8ff,34,"[""28:0"", ""3:41""]","{""path"": ""maps_research/out/maps/mapsec_names.json"", ""json_pointer"": ""/names/34"", ""file_sha256"": ""60eae9ad6ccb185c6a4562e25a1c7403635e6077c038572f3d4842ab335fa8b6""}",ROM map section; not inferred major region,world/pages/regions/0122.md,
0x7B,123,0x083EEE61,23号公路,9,a3a404eb047308e8ff,35,"[""29:0"", ""3:42""]","{""path"": ""maps_research/out/maps/mapsec_names.json"", ""json_pointer"": ""/names/35"", ""file_sha256"": ""60eae9ad6ccb185c6a4562e25a1c7403635e6077c038572f3d4842ab335fa8b6""}",ROM map section; not inferred major region,world/pages/regions/0123.md,
0x7C,124,0x083EEE6A,24号公路,9,a3a504eb047308e8ff,36,"[""3:43""]","{""path"": ""maps_research/out/maps/mapsec_names.json"", ""json_pointer"": ""/names/36"", ""file_sha256"": ""60eae9ad6ccb185c6a4562e25a1c7403635e6077c038572f3d4842ab335fa8b6""}",ROM map section; not inferred major region,world/pages/regions/0124.md,
0x7D,125,0x083EEE73,25号公路,9,a3a604eb047308e8ff,37,"[""30:0"", ""3:44""]","{""path"": ""maps_research/out/maps/mapsec_names.json"", ""json_pointer"": ""/names/37"", ""file_sha256"": ""60eae9ad6ccb185c6a4562e25a1c7403635e6077c038572f3d4842ab335fa8b6""}",ROM map section; not inferred major region,world/pages/regions/0125.md,
0x7E,126,0x083EEE7C,常磐森林,9,02250a2a0b8b08a9ff,38,"[""1:0""]","{""path"": ""maps_research/out/maps/mapsec_names.json"", ""json_pointer"": ""/names/38"", ""file_sha256"": ""60eae9ad6ccb185c6a4562e25a1c7403635e6077c038572f3d4842ab335fa8b6""}",ROM map section; not inferred major region,world/pages/regions/0126.md,
0x7F,127,0x08C34CBC,呆呆兽之井,11,02d402d40c23107f075eff,39,"[""1:1"", ""1:123"", ""1:2"", ""1:3"", ""1:94"", ""1:95"", ""55:2"", ""55:3"", ""55:4"", ""55:60""]","{""path"": ""maps_research/out/maps/mapsec_names.json"", ""json_pointer"": ""/names/39"", ""file_sha256"": ""60eae9ad6ccb185c6a4562e25a1c7403635e6077c038572f3d4842ab335fa8b6""}",ROM map section; not inferred major region,world/pages/regions/0127.md,
0x80,128,0x083EEE95,圣安奴号,9,0be101110a0804ebff,40,"[""1:10"", ""1:11"", ""1:12"", ""1:13"", ""1:14"", ""1:15"", ""1:16"", ""1:17"", ""1:18"", ""1:19"", ""1:20"", ""1:21"", ""1:22"", ""1:23"", ""1:24"", ""1:25"", ""1:26"", ""1:27"", ""1:28"", ""1:29"", ""1:4"", ""1:5"", ""1:6"", ""1:7"", ""1:8"", ""1:9""]","{""path"": ""maps_research/out/maps/mapsec_names.json"", ""json_pointer"": ""/names/40"", ""file_sha256"": ""60eae9ad6ccb185c6a4562e25a1c7403635e6077c038572f3d4842ab335fa8b6""}",ROM map section; not inferred major region,world/pages/regions/0128.md,
0x81,129,0x083EEE9F,49号水路,9,a5aa04eb0c5108e8ff,41,"[""1:30"", ""1:31"", ""1:32""]","{""path"": ""maps_research/out/maps/mapsec_names.json"", ""json_pointer"": ""/names/41"", ""file_sha256"": ""60eae9ad6ccb185c6a4562e25a1c7403635e6077c038572f3d4842ab335fa8b6""}",ROM map section; not inferred major region,world/pages/regions/0129.md,
0x82,130,0x083EEEB0,50号水路,9,a6a104eb0c5108e8ff,42,"[""1:33"", ""1:34"", ""1:35"", ""3:102"", ""3:103"", ""3:105""]","{""path"": ""maps_research/out/maps/mapsec_names.json"", ""json_pointer"": ""/names/42"", ""file_sha256"": ""60eae9ad6ccb185c6a4562e25a1c7403635e6077c038572f3d4842ab335fa8b6""}",ROM map section; not inferred major region,world/pages/regions/0130.md,
0x83,131,0x083EEEC1,地鼠洞,7,031f0c380359ff,43,"[""1:36"", ""1:37"", ""1:38""]","{""path"": ""maps_research/out/maps/mapsec_names.json"", ""json_pointer"": ""/names/43"", ""file_sha256"": ""60eae9ad6ccb185c6a4562e25a1c7403635e6077c038572f3d4842ab335fa8b6""}",ROM map section; not inferred major region,world/pages/regions/0131.md,
0x84,132,0x083EEED0,冠军之路,9,04a207ac107f08e8ff,44,"[""1:39"", ""1:40"", ""1:41"", ""53:10"", ""53:8"", ""53:9""]","{""path"": ""maps_research/out/maps/mapsec_names.json"", ""json_pointer"": ""/names/44"", ""file_sha256"": ""60eae9ad6ccb185c6a4562e25a1c7403635e6077c038572f3d4842ab335fa8b6""}",ROM map section; not inferred major region,world/pages/regions/0132.md,
0x85,133,0x083EEEDD,火箭队基地,11,057d05e803780586031fff,45,"[""1:42"", ""1:43"", ""1:44"", ""1:45"", ""1:46"", ""56:44"", ""56:45"", ""56:46""]","{""path"": ""maps_research/out/maps/mapsec_names.json"", ""json_pointer"": ""/names/45"", ""file_sha256"": ""60eae9ad6ccb185c6a4562e25a1c7403635e6077c038572f3d4842ab335fa8b6""}",ROM map section; not inferred major region,world/pages/regions/0133.md,
0x86,134,0x08EB2AE1,阿露福遗迹,11,010108e7040d0f15058eff,46,"[""1:47"", ""1:48"", ""1:49"", ""1:50"", ""1:51"", ""1:52"", ""1:53"", ""1:54"", ""1:55"", ""1:56"", ""1:57"", ""1:58"", ""56:9""]","{""path"": ""maps_research/out/maps/mapsec_names.json"", ""json_pointer"": ""/names/46"", ""file_sha256"": ""60eae9ad6ccb185c6a4562e25a1c7403635e6077c038572f3d4842ab335fa8b6""}",ROM map section; not inferred major region,world/pages/regions/0134.md,
0x87,135,0x083EEEF6,铃铛塔,7,08b819e20ca1ff,47,"[""1:59"", ""1:60"", ""1:61"", ""1:62"", ""55:17"", ""55:18"", ""55:19"", ""55:20"", ""55:21"", ""55:22"", ""55:23"", ""55:24"", ""55:25"", ""55:26"", ""55:27"", ""55:56""]","{""path"": ""maps_research/out/maps/mapsec_names.json"", ""json_pointer"": ""/names/47"", ""file_sha256"": ""60eae9ad6ccb185c6a4562e25a1c7403635e6077c038572f3d4842ab335fa8b6""}",ROM map section; not inferred major region,world/pages/regions/0135.md,
0x88,136,0x083EEF06,野生原野区,11,0f000bd80fb90f000b1aff,48,"[""1:63"", ""1:64"", ""1:65"", ""1:66"", ""1:67"", ""1:68"", ""1:69"", ""1:70"", ""1:71""]","{""path"": ""maps_research/out/maps/mapsec_names.json"", ""json_pointer"": ""/names/48"", ""file_sha256"": ""60eae9ad6ccb185c6a4562e25a1c7403635e6077c038572f3d4842ab335fa8b6""}",ROM map section; not inferred major region,world/pages/regions/0136.md,
0x89,137,0x083EEF12,宝可梦联盟,11,016307d70966087d0963ff,49,"[""1:75"", ""1:76"", ""1:77"", ""1:78"", ""1:79"", ""1:80""]","{""path"": ""maps_research/out/maps/mapsec_names.json"", ""json_pointer"": ""/names/49"", ""file_sha256"": ""60eae9ad6ccb185c6a4562e25a1c7403635e6077c038572f3d4842ab335fa8b6""}",ROM map section; not inferred major region,world/pages/regions/0137.md,
0x8A,138,0x083EEF21,岩山隧道,9,0ebb0b9b0c900307ff,50,"[""1:81"", ""1:82""]","{""path"": ""maps_research/out/maps/mapsec_names.json"", ""json_pointer"": ""/names/50"", ""file_sha256"": ""60eae9ad6ccb185c6a4562e25a1c7403635e6077c038572f3d4842ab335fa8b6""}",ROM map section; not inferred major region,world/pages/regions/0138.md,
0x8B,139,0x083EEF2D,双子岛,7,0c4e110b0301ff,51,"[""1:83"", ""1:84"", ""1:85"", ""1:86"", ""1:87""]","{""path"": ""maps_research/out/maps/mapsec_names.json"", ""json_pointer"": ""/names/51"", ""file_sha256"": ""60eae9ad6ccb185c6a4562e25a1c7403635e6077c038572f3d4842ab335fa8b6""}",ROM map section; not inferred major region,world/pages/regions/0139.md,
0x8C,140,0x083EEF3D,喇叭芽之塔,11,082301270ea8107f0ca1ff,52,"[""1:88"", ""1:89"", ""1:90"", ""1:91"", ""1:92"", ""1:93"", ""52:2"", ""52:3""]","{""path"": ""maps_research/out/maps/mapsec_names.json"", ""json_pointer"": ""/names/52"", ""file_sha256"": ""60eae9ad6ccb185c6a4562e25a1c7403635e6077c038572f3d4842ab335fa8b6""}",ROM map section; not inferred major region,world/pages/regions/0140.md,
0x8D,141,0x083EEF4B,华蓝洞,7,0537082b0359ff,53,"[""1:72"", ""1:73"", ""1:74""]","{""path"": ""maps_research/out/maps/mapsec_names.json"", ""json_pointer"": ""/names/53"", ""file_sha256"": ""60eae9ad6ccb185c6a4562e25a1c7403635e6077c038572f3d4842ab335fa8b6""}",ROM map section; not inferred major region,world/pages/regions/0141.md,
0x8E,142,0x083EEF59,无人发电所,11,0da40b4b03a5032e0c9cff,54,[],"{""path"": ""maps_research/out/maps/mapsec_names.json"", ""json_pointer"": ""/names/54"", ""file_sha256"": ""60eae9ad6ccb185c6a4562e25a1c7403635e6077c038572f3d4842ab335fa8b6""}",ROM map section; not inferred major region,world/pages/regions/0142.md,
0x8F,143,0x083EEF65,若叶镇,7,0b740f061065ff,55,"[""32:1"", ""32:4"", ""3:12"", ""3:66"", ""43:0"", ""43:1"", ""43:2"", ""43:3"", ""43:4"", ""43:5"", ""43:6"", ""43:7""]","{""path"": ""maps_research/out/maps/mapsec_names.json"", ""json_pointer"": ""/names/55"", ""file_sha256"": ""60eae9ad6ccb185c6a4562e25a1c7403635e6077c038572f3d4842ab335fa8b6""}",ROM map section; not inferred major region,world/pages/regions/0143.md,
0x90,144,0x083EEF70,吉野市,7,05950f000c15ff,56,"[""33:0"", ""33:2"", ""33:3"", ""33:4"", ""3:13"", ""3:67"", ""45:0"", ""45:1"", ""45:2"", ""45:3"", ""45:4""]","{""path"": ""maps_research/out/maps/mapsec_names.json"", ""json_pointer"": ""/names/56"", ""file_sha256"": ""60eae9ad6ccb185c6a4562e25a1c7403635e6077c038572f3d4842ab335fa8b6""}",ROM map section; not inferred major region,world/pages/regions/0144.md,
0x91,145,0x083EEF7B,桔梗市,7,072d046b0c15ff,57,"[""1:122"", ""34:2"", ""34:6"", ""3:14"", ""3:68"", ""46:0"", ""46:1"", ""46:2"", ""46:3"", ""46:4"", ""46:5"", ""46:6"", ""46:7"", ""46:9"", ""56:0"", ""56:1"", ""56:2"", ""56:3"", ""56:4"", ""56:5"", ""56:6"", ""56:7""]","{""path"": ""maps_research/out/maps/mapsec_names.json"", ""json_pointer"": ""/names/57"", ""file_sha256"": ""60eae9ad6ccb185c6a4562e25a1c7403635e6077c038572f3d4842ab335fa8b6""}",ROM map section; not inferred major region,world/pages/regions/0145.md,
0x92,146,0x083EEF88,桧皮镇,7,17940a5f1065ff,58,"[""35:2"", ""35:3"", ""35:5"", ""35:6"", ""35:7"", ""3:15"", ""3:69"", ""41:1"", ""44:5"", ""47:0"", ""47:1"", ""47:2"", ""47:3"", ""47:4"", ""47:5"", ""47:6"", ""47:7""]","{""path"": ""maps_research/out/maps/mapsec_names.json"", ""json_pointer"": ""/names/58"", ""file_sha256"": ""60eae9ad6ccb185c6a4562e25a1c7403635e6077c038572f3d4842ab335fa8b6""}",ROM map section; not inferred major region,world/pages/regions/0146.md,
0x93,147,0x083EEF94,满金市,7,093407420c15ff,59,"[""35:1"", ""35:4"", ""36:0"", ""36:1"", ""36:2"", ""36:3"", ""37:0"", ""3:108"", ""3:111"", ""3:112"", ""3:16"", ""3:75"", ""3:76"", ""3:77"", ""3:78"", ""44:14"", ""50:1"", ""50:10"", ""50:11"", ""50:12"", ""50:13"", ""50:14"", ""50:15"", ""50:16"", ""50:17"", ""50:18"", ""50:19"", ""50:2"", ""50:20"", ""50:21"", ""50:22"", ""50:23"", ""50:24"", ""50:25"", ""50:26"", ""50:27"", ""50:28"", ""50:29"", ""50:3"", ""50:30"", ""50:31"", ""50:32"", ""50:33"", ""50:34"", ""50:35"", ""50:36"", ""50:37"", ""50:38"", ""50:39"", ""50:4"", ""50:40"", ""50:41"", ""50:42"", ""50:43"", ""50:44"", ""50:45"", ""50:46"", ""50:47"", ""50:48"", ""50:49"", ""50:5"", ""50:50"", ""50:6"", ""50:7"", ""50:8"", ""50:9"", ""51:3"", ""51:4"", ""51:5"", ""51:6"", ""51:7"", ""52:36"", ""52:37"", ""53:11"", ""53:12"", ""53:13"", ""53:14"", ""53:15"", ""53:16"", ""54:11"", ""55:54"", ""55:6"", ""55:7"", ""56:10"", ""56:11"", ""56:12"", ""56:13"", ""56:14"", ""56:15"", ""56:51"", ""56:52"", ""56:69"", ""56:77"", ""56:78""]","{""path"": ""maps_research/out/maps/mapsec_names.json"", ""json_pointer"": ""/names/59"", ""file_sha256"": ""60eae9ad6ccb185c6a4562e25a1c7403635e6077c038572f3d4842ab335fa8b6""}",ROM map section; not inferred major region,world/pages/regions/0147.md,
0x94,148,0x083EEFA0,缘朱市,7,0fc110bd0c15ff,60,"[""31:1"", ""31:4"", ""31:5"", ""31:6"", ""34:0"", ""35:0"", ""3:17"", ""3:70"", ""48:0"", ""48:1"", ""48:5"", ""48:6"", ""48:7"", ""51:0"", ""52:11"", ""52:5"", ""55:28"", ""55:29"", ""55:30"", ""55:31"", ""55:32"", ""55:33"", ""55:34"", ""55:5""]","{""path"": ""maps_research/out/maps/mapsec_names.json"", ""json_pointer"": ""/names/60"", ""file_sha256"": ""60eae9ad6ccb185c6a4562e25a1c7403635e6077c038572f3d4842ab335fa8b6""}",ROM map section; not inferred major region,world/pages/regions/0148.md,
0x95,149,0x083EEFAD,浅葱市,7,0acc02b00c15ff,61,"[""37:1"", ""37:2"", ""3:18"", ""3:72"", ""49:10"", ""49:11"", ""49:17"", ""49:6"", ""49:7"", ""49:8"", ""49:9"", ""51:1""]","{""path"": ""maps_research/out/maps/mapsec_names.json"", ""json_pointer"": ""/names/61"", ""file_sha256"": ""60eae9ad6ccb185c6a4562e25a1c7403635e6077c038572f3d4842ab335fa8b6""}",ROM map section; not inferred major region,world/pages/regions/0149.md,
0x96,150,0x083EEFB8,湛蓝市,7,1032082b0c15ff,62,"[""31:0"", ""3:45"", ""3:73"", ""49:0"", ""49:1"", ""49:2"", ""49:3"", ""49:4"", ""49:5"", ""51:2"", ""52:0""]","{""path"": ""maps_research/out/maps/mapsec_names.json"", ""json_pointer"": ""/names/62"", ""file_sha256"": ""60eae9ad6ccb185c6a4562e25a1c7403635e6077c038572f3d4842ab335fa8b6""}",ROM map section; not inferred major region,world/pages/regions/0150.md,
0x97,151,0x083EEFC4,卡吉镇,7,07b605951065ff,63,"[""3:74"", ""53:0"", ""53:1"", ""53:2"", ""53:3""]","{""path"": ""maps_research/out/maps/mapsec_names.json"", ""json_pointer"": ""/names/63"", ""file_sha256"": ""60eae9ad6ccb185c6a4562e25a1c7403635e6077c038572f3d4842ab335fa8b6""}",ROM map section; not inferred major region,world/pages/regions/0151.md,
0x98,152,0x083EEFD3,烟墨市,7,0eb509a10c15ff,64,"[""31:2"", ""32:0"", ""32:2"", ""32:3"", ""33:1"", ""3:71"", ""54:0"", ""54:4"", ""54:5"", ""54:6"", ""54:7""]","{""path"": ""maps_research/out/maps/mapsec_names.json"", ""json_pointer"": ""/names/64"", ""file_sha256"": ""60eae9ad6ccb185c6a4562e25a1c7403635e6077c038572f3d4842ab335fa8b6""}",ROM map section; not inferred major region,world/pages/regions/0152.md,
0x99,153,0x083EEFDE,绊桥,5,014c0adeff,65,"[""3:48""]","{""path"": ""maps_research/out/maps/mapsec_names.json"", ""json_pointer"": ""/names/65"", ""file_sha256"": ""60eae9ad6ccb185c6a4562e25a1c7403635e6077c038572f3d4842ab335fa8b6""}",ROM map section; not inferred major region,world/pages/regions/0153.md,
0x9A,154,0x083EEFEA,29号道路,9,a3aa04eb030708e8ff,66,"[""38:0"", ""3:79"", ""44:0""]","{""path"": ""maps_research/out/maps/mapsec_names.json"", ""json_pointer"": ""/names/66"", ""file_sha256"": ""60eae9ad6ccb185c6a4562e25a1c7403635e6077c038572f3d4842ab335fa8b6""}",ROM map section; not inferred major region,world/pages/regions/0154.md,
0x9B,155,0x083EEFFA,30号道路,9,a4a104eb030708e8ff,67,"[""3:50"", ""3:82"", ""56:76""]","{""path"": ""maps_research/out/maps/mapsec_names.json"", ""json_pointer"": ""/names/67"", ""file_sha256"": ""60eae9ad6ccb185c6a4562e25a1c7403635e6077c038572f3d4842ab335fa8b6""}",ROM map section; not inferred major region,world/pages/regions/0155.md,
0x9C,156,0x083EF007,31号道路,9,a4a204eb030708e8ff,68,"[""3:51"", ""3:83"", ""44:1"", ""45:5"", ""45:6""]","{""path"": ""maps_research/out/maps/mapsec_names.json"", ""json_pointer"": ""/names/68"", ""file_sha256"": ""60eae9ad6ccb185c6a4562e25a1c7403635e6077c038572f3d4842ab335fa8b6""}",ROM map section; not inferred major region,world/pages/regions/0156.md,
0x9D,157,0x083EF014,32号道路,9,a4a304eb030708e8ff,69,"[""3:52"", ""3:84"", ""44:4"", ""46:8""]","{""path"": ""maps_research/out/maps/mapsec_names.json"", ""json_pointer"": ""/names/69"", ""file_sha256"": ""60eae9ad6ccb185c6a4562e25a1c7403635e6077c038572f3d4842ab335fa8b6""}",ROM map section; not inferred major region,world/pages/regions/0157.md,
0x9E,158,0x083EF021,33号道路,9,a4a404eb030708e8ff,70,"[""3:53"", ""3:87""]","{""path"": ""maps_research/out/maps/mapsec_names.json"", ""json_pointer"": ""/names/70"", ""file_sha256"": ""60eae9ad6ccb185c6a4562e25a1c7403635e6077c038572f3d4842ab335fa8b6""}",ROM map section; not inferred major region,world/pages/regions/0158.md,
0x9F,159,0x083EF02E,34号道路,9,a4a504eb030708e8ff,71,"[""3:46"", ""3:47"", ""3:54"", ""3:88"", ""44:6"", ""44:7"", ""50:0""]","{""path"": ""maps_research/out/maps/mapsec_names.json"", ""json_pointer"": ""/names/71"", ""file_sha256"": ""60eae9ad6ccb185c6a4562e25a1c7403635e6077c038572f3d4842ab335fa8b6""}",ROM map section; not inferred major region,world/pages/regions/0159.md,
0xA0,160,0x083EF03E,35号道路,9,a4a604eb030708e8ff,72,"[""3:55"", ""3:90"", ""44:10"", ""44:8""]","{""path"": ""maps_research/out/maps/mapsec_names.json"", ""json_pointer"": ""/names/72"", ""file_sha256"": ""60eae9ad6ccb185c6a4562e25a1c7403635e6077c038572f3d4842ab335fa8b6""}",ROM map section; not inferred major region,world/pages/regions/0160.md,
0xA1,161,0x083EF04E,36号道路,9,a4a704eb030708e8ff,73,"[""3:56"", ""3:85"", ""44:11"", ""44:2"", ""44:3""]","{""path"": ""maps_research/out/maps/mapsec_names.json"", ""json_pointer"": ""/names/73"", ""file_sha256"": ""60eae9ad6ccb185c6a4562e25a1c7403635e6077c038572f3d4842ab335fa8b6""}",ROM map section; not inferred major region,world/pages/regions/0161.md,
0xA2,162,0x083EF05F,37号道路,9,a4a804eb030708e8ff,74,"[""3:57"", ""3:89""]","{""path"": ""maps_research/out/maps/mapsec_names.json"", ""json_pointer"": ""/names/74"", ""file_sha256"": ""60eae9ad6ccb185c6a4562e25a1c7403635e6077c038572f3d4842ab335fa8b6""}",ROM map section; not inferred major region,world/pages/regions/0162.md,
0xA3,163,0x083EF06F,38号道路,9,a4a904eb030708e8ff,75,"[""3:58"", ""3:91"", ""3:92""]","{""path"": ""maps_research/out/maps/mapsec_names.json"", ""json_pointer"": ""/names/75"", ""file_sha256"": ""60eae9ad6ccb185c6a4562e25a1c7403635e6077c038572f3d4842ab335fa8b6""}",ROM map section; not inferred major region,world/pages/regions/0163.md,
0xA4,164,0x083EF07E,39号道路,9,a4aa04eb030708e8ff,76,"[""3:59"", ""3:93"", ""52:6"", ""52:7""]","{""path"": ""maps_research/out/maps/mapsec_names.json"", ""json_pointer"": ""/names/76"", ""file_sha256"": ""60eae9ad6ccb185c6a4562e25a1c7403635e6077c038572f3d4842ab335fa8b6""}",ROM map section; not inferred major region,world/pages/regions/0164.md,
0xA5,165,0x083EF089,40号水路,9,a5a104eb0c5108e8ff,77,"[""3:109"", ""3:110"", ""3:60"", ""3:95"", ""52:27"", ""56:23"", ""56:32""]","{""path"": ""maps_research/out/maps/mapsec_names.json"", ""json_pointer"": ""/names/77"", ""file_sha256"": ""60eae9ad6ccb185c6a4562e25a1c7403635e6077c038572f3d4842ab335fa8b6""}",ROM map section; not inferred major region,world/pages/regions/0165.md,
0xA6,166,0x083EF094,41号水路,9,a5a204eb0c5108e8ff,78,"[""3:114"", ""3:49"", ""3:61"", ""3:96"", ""44:16""]","{""path"": ""maps_research/out/maps/mapsec_names.json"", ""json_pointer"": ""/names/78"", ""file_sha256"": ""60eae9ad6ccb185c6a4562e25a1c7403635e6077c038572f3d4842ab335fa8b6""}",ROM map section; not inferred major region,world/pages/regions/0166.md,
0xA7,167,0x083EF0A0,42号道路,9,a5a304eb030708e8ff,79,"[""3:62"", ""3:97"", ""44:12""]","{""path"": ""maps_research/out/maps/mapsec_names.json"", ""json_pointer"": ""/names/79"", ""file_sha256"": ""60eae9ad6ccb185c6a4562e25a1c7403635e6077c038572f3d4842ab335fa8b6""}",ROM map section; not inferred major region,world/pages/regions/0167.md,
0xA8,168,0x083EF0AE,43号道路,9,a5a404eb030708e8ff,80,"[""3:63"", ""3:99"", ""44:13""]","{""path"": ""maps_research/out/maps/mapsec_names.json"", ""json_pointer"": ""/names/80"", ""file_sha256"": ""60eae9ad6ccb185c6a4562e25a1c7403635e6077c038572f3d4842ab335fa8b6""}",ROM map section; not inferred major region,world/pages/regions/0168.md,
0xA9,169,0x083EF0BE,44号道路,9,a5a504eb030708e8ff,81,"[""3:64"", ""3:98""]","{""path"": ""maps_research/out/maps/mapsec_names.json"", ""json_pointer"": ""/names/81"", ""file_sha256"": ""60eae9ad6ccb185c6a4562e25a1c7403635e6077c038572f3d4842ab335fa8b6""}",ROM map section; not inferred major region,world/pages/regions/0169.md,
0xAA,170,0x083EF0CD,45号道路,9,a5a604eb030708e8ff,82,"[""3:101"", ""3:65""]","{""path"": ""maps_research/out/maps/mapsec_names.json"", ""json_pointer"": ""/names/82"", ""file_sha256"": ""60eae9ad6ccb185c6a4562e25a1c7403635e6077c038572f3d4842ab335fa8b6""}",ROM map section; not inferred major region,world/pages/regions/0170.md,
0xAB,171,0x083EF0DA,46号道路,9,a5a704eb030708e8ff,83,"[""3:80""]","{""path"": ""maps_research/out/maps/mapsec_names.json"", ""json_pointer"": ""/names/83"", ""file_sha256"": ""60eae9ad6ccb185c6a4562e25a1c7403635e6077c038572f3d4842ab335fa8b6""}",ROM map section; not inferred major region,world/pages/regions/0171.md,
0xAC,172,0x083EF0E8,47号道路,9,a5a804eb030708e8ff,84,[],"{""path"": ""maps_research/out/maps/mapsec_names.json"", ""json_pointer"": ""/names/84"", ""file_sha256"": ""60eae9ad6ccb185c6a4562e25a1c7403635e6077c038572f3d4842ab335fa8b6""}",ROM map section; not inferred major region,world/pages/regions/0172.md,
0xAD,173,0x083EF0F6,48号道路,9,a5a904eb030708e8ff,85,[],"{""path"": ""maps_research/out/maps/mapsec_names.json"", ""json_pointer"": ""/names/85"", ""file_sha256"": ""60eae9ad6ccb185c6a4562e25a1c7403635e6077c038572f3d4842ab335fa8b6""}",ROM map section; not inferred major region,world/pages/regions/0173.md,
0xAE,174,0x08C33A90,毁坏的世界,11,05660542030b0c050739ff,86,"[""2:37"", ""2:38"", ""2:39"", ""2:40"", ""2:41"", ""2:42"", ""2:47"", ""2:48"", ""2:49"", ""2:50"", ""2:51"", ""2:52"", ""2:53"", ""2:59"", ""45:7""]","{""path"": ""maps_research/out/maps/mapsec_names.json"", ""json_pointer"": ""/names/86"", ""file_sha256"": ""60eae9ad6ccb185c6a4562e25a1c7403635e6077c038572f3d4842ab335fa8b6""}",ROM map section; not inferred major region,world/pages/regions/0174.md,
0xAF,175,0x083EF10F,寂静之丘,9,05b00762107f0b12ff,87,[],"{""path"": ""maps_research/out/maps/mapsec_names.json"", ""json_pointer"": ""/names/87"", ""file_sha256"": ""60eae9ad6ccb185c6a4562e25a1c7403635e6077c038572f3d4842ab335fa8b6""}",ROM map section; not inferred major region,world/pages/regions/0175.md,
0xB0,176,0x083EF119,漩涡岛,7,161c0d960301ff,88,"[""1:109"", ""55:14"", ""55:15"", ""55:16""]","{""path"": ""maps_research/out/maps/mapsec_names.json"", ""json_pointer"": ""/names/88"", ""file_sha256"": ""60eae9ad6ccb185c6a4562e25a1c7403635e6077c038572f3d4842ab335fa8b6""}",ROM map section; not inferred major region,world/pages/regions/0176.md,
0xB1,177,0x083EF126,黑暗洞穴,9,0509011403590e91ff,89,"[""1:125"", ""1:126""]","{""path"": ""maps_research/out/maps/mapsec_names.json"", ""json_pointer"": ""/names/89"", ""file_sha256"": ""60eae9ad6ccb185c6a4562e25a1c7403635e6077c038572f3d4842ab335fa8b6""}",ROM map section; not inferred major region,world/pages/regions/0177.md,
0xB2,178,0x083EF133,自然公园,9,110c0b3b04730fbcff,90,"[""1:114"", ""1:124"", ""55:59""]","{""path"": ""maps_research/out/maps/mapsec_names.json"", ""json_pointer"": ""/names/90"", ""file_sha256"": ""60eae9ad6ccb185c6a4562e25a1c7403635e6077c038572f3d4842ab335fa8b6""}",ROM map section; not inferred major region,world/pages/regions/0178.md,
0xB3,179,0x083EF144,训练师之塔,11,0e9e088a0be2107f0ca1ff,91,"[""2:1"", ""2:10"", ""2:11"", ""2:2"", ""2:3"", ""2:4"", ""2:5"", ""2:6"", ""2:7"", ""2:8"", ""2:9""]","{""path"": ""maps_research/out/maps/mapsec_names.json"", ""json_pointer"": ""/names/91"", ""file_sha256"": ""60eae9ad6ccb185c6a4562e25a1c7403635e6077c038572f3d4842ab335fa8b6""}",ROM map section; not inferred major region,world/pages/regions/0179.md,
0xB4,180,0x083EF152,连接洞,7,087f07250359ff,92,"[""1:115"", ""1:116"", ""1:117"", ""1:118"", ""1:119"", ""1:120"", ""3:107"", ""3:86"", ""3:94""]","{""path"": ""maps_research/out/maps/mapsec_names.json"", ""json_pointer"": ""/names/92"", ""file_sha256"": ""60eae9ad6ccb185c6a4562e25a1c7403635e6077c038572f3d4842ab335fa8b6""}",ROM map section; not inferred major region,world/pages/regions/0180.md,
0xB5,181,0x083EF15E,冰天地,7,01b60ced031fff,93,"[""2:12"", ""2:13"", ""2:14"", ""2:15"", ""2:16"", ""2:17"", ""2:18"", ""2:19"", ""2:20"", ""2:21"", ""2:22"", ""2:23"", ""2:24"", ""2:25"", ""2:26"", ""53:17"", ""53:4"", ""53:5"", ""53:6"", ""53:7""]","{""path"": ""maps_research/out/maps/mapsec_names.json"", ""json_pointer"": ""/names/93"", ""file_sha256"": ""60eae9ad6ccb185c6a4562e25a1c7403635e6077c038572f3d4842ab335fa8b6""}",ROM map section; not inferred major region,world/pages/regions/0181.md,
0xB6,182,0x083EF168,桐树林,7,0d110c3c08a9ff,94,"[""1:121"", ""55:40""]","{""path"": ""maps_research/out/maps/mapsec_names.json"", ""json_pointer"": ""/names/94"", ""file_sha256"": ""60eae9ad6ccb185c6a4562e25a1c7403635e6077c038572f3d4842ab335fa8b6""}",ROM map section; not inferred major region,world/pages/regions/0182.md,
0xB7,183,0x083EF175,烧焦塔,7,0bb3070b0ca1ff,95,"[""48:3"", ""48:4""]","{""path"": ""maps_research/out/maps/mapsec_names.json"", ""json_pointer"": ""/names/95"", ""file_sha256"": ""60eae9ad6ccb185c6a4562e25a1c7403635e6077c038572f3d4842ab335fa8b6""}",ROM map section; not inferred major region,world/pages/regions/0183.md,
0xB8,184,0x083EF183,桔梗市道馆,11,072d046b0c15030704a5ff,96,"[""52:1""]","{""path"": ""maps_research/out/maps/mapsec_names.json"", ""json_pointer"": ""/names/96"", ""file_sha256"": ""60eae9ad6ccb185c6a4562e25a1c7403635e6077c038572f3d4842ab335fa8b6""}",ROM map section; not inferred major region,world/pages/regions/0184.md,
0xB9,185,0x083EF193,铃音小道,9,08b80f440e2c0307ff,97,"[""2:34"", ""48:2"", ""52:12""]","{""path"": ""maps_research/out/maps/mapsec_names.json"", ""json_pointer"": ""/names/97"", ""file_sha256"": ""60eae9ad6ccb185c6a4562e25a1c7403635e6077c038572f3d4842ab335fa8b6""}",ROM map section; not inferred major region,world/pages/regions/0185.md,
0xBA,186,0x08EB2AFC,光辉灯塔,9,04aa0561030d0ca1ff,98,"[""2:35"", ""49:12"", ""49:13"", ""49:14"", ""49:15"", ""49:16"", ""49:18"", ""49:19""]","{""path"": ""maps_research/out/maps/mapsec_names.json"", ""json_pointer"": ""/names/98"", ""file_sha256"": ""60eae9ad6ccb185c6a4562e25a1c7403635e6077c038572f3d4842ab335fa8b6""}",ROM map section; not inferred major region,world/pages/regions/0186.md,
0xBB,187,0x083EF1AE,愤怒之湖,9,03e20a0a107f052dff,99,"[""2:56"", ""2:58"", ""34:7"", ""3:100""]","{""path"": ""maps_research/out/maps/mapsec_names.json"", ""json_pointer"": ""/names/99"", ""file_sha256"": ""60eae9ad6ccb185c6a4562e25a1c7403635e6077c038572f3d4842ab335fa8b6""}",ROM map section; not inferred major region,world/pages/regions/0187.md,
0xBC,188,0x083EF1BB,52号水路,9,a6a304eb0c5108e8ff,100,[],"{""path"": ""maps_research/out/maps/mapsec_names.json"", ""json_pointer"": ""/names/100"", ""file_sha256"": ""60eae9ad6ccb185c6a4562e25a1c7403635e6077c038572f3d4842ab335fa8b6""}",ROM map section; not inferred major region,world/pages/regions/0188.md,
0xBD,189,0x083EF1CA,那藏石室,9,09bd01f30beb0c17ff,101,[],"{""path"": ""maps_research/out/maps/mapsec_names.json"", ""json_pointer"": ""/names/101"", ""file_sha256"": ""60eae9ad6ccb185c6a4562e25a1c7403635e6077c038572f3d4842ab335fa8b6""}",ROM map section; not inferred major region,world/pages/regions/0189.md,
0xBE,190,0x083EF1D9,由格石室,9,0f77045b0beb0c17ff,102,"[""2:29""]","{""path"": ""maps_research/out/maps/mapsec_names.json"", ""json_pointer"": ""/names/102"", ""file_sha256"": ""60eae9ad6ccb185c6a4562e25a1c7403635e6077c038572f3d4842ab335fa8b6""}",ROM map section; not inferred major region,world/pages/regions/0190.md,
0xBF,191,0x083EF1E8,阿利波卡石室,13,0101087001c307b60beb0c17ff,103,"[""2:30""]","{""path"": ""maps_research/out/maps/mapsec_names.json"", ""json_pointer"": ""/names/103"", ""file_sha256"": ""60eae9ad6ccb185c6a4562e25a1c7403635e6077c038572f3d4842ab335fa8b6""}",ROM map section; not inferred major region,world/pages/regions/0191.md,
0xC0,192,0x083EF1F8,科斗石室,9,07d4035c0beb0c17ff,104,"[""2:31""]","{""path"": ""maps_research/out/maps/mapsec_names.json"", ""json_pointer"": ""/names/104"", ""file_sha256"": ""60eae9ad6ccb185c6a4562e25a1c7403635e6077c038572f3d4842ab335fa8b6""}",ROM map section; not inferred major region,world/pages/regions/0192.md,
0xC1,193,0x083EF207,阿努泽石室,11,01010a0910080beb0c17ff,105,"[""2:32""]","{""path"": ""maps_research/out/maps/mapsec_names.json"", ""json_pointer"": ""/names/105"", ""file_sha256"": ""60eae9ad6ccb185c6a4562e25a1c7403635e6077c038572f3d4842ab335fa8b6""}",ROM map section; not inferred major region,world/pages/regions/0193.md,
0xC2,194,0x083EF214,澳利弗石室,11,01230870040f0beb0c17ff,106,"[""2:33""]","{""path"": ""maps_research/out/maps/mapsec_names.json"", ""json_pointer"": ""/names/106"", ""file_sha256"": ""60eae9ad6ccb185c6a4562e25a1c7403635e6077c038572f3d4842ab335fa8b6""}",ROM map section; not inferred major region,world/pages/regions/0194.md,
0xC3,195,0x083EF224,51号水路,9,a6a204eb0c5108e8ff,107,"[""2:57"", ""3:104""]","{""path"": ""maps_research/out/maps/mapsec_names.json"", ""json_pointer"": ""/names/107"", ""file_sha256"": ""60eae9ad6ccb185c6a4562e25a1c7403635e6077c038572f3d4842ab335fa8b6""}",ROM map section; not inferred major region,world/pages/regions/0195.md,
0xC4,196,0x083EF22E,彩虹百货大楼,13,01e505160138058202d308d6ff,108,"[""0:0"", ""0:1"", ""0:2"", ""0:3"", ""0:4""]","{""path"": ""maps_research/out/maps/mapsec_names.json"", ""json_pointer"": ""/names/108"", ""file_sha256"": ""60eae9ad6ccb185c6a4562e25a1c7403635e6077c038572f3d4842ab335fa8b6""}",ROM map section; not inferred major region,world/pages/regions/0196.md,
0xC5,197,0x083EF22E,彩虹百货大楼,13,01e505160138058202d308d6ff,109,[],"{""path"": ""maps_research/out/maps/mapsec_names.json"", ""json_pointer"": ""/names/109"", ""file_sha256"": ""60eae9ad6ccb185c6a4562e25a1c7403635e6077c038572f3d4842ab335fa8b6""}",ROM map section; not inferred major region,world/pages/regions/0197.md,
0xC6,198,0x0896F000,断崖通道,9,03740eab0d100307ff,110,"[""1:107"", ""1:99"", ""56:24"", ""56:28"", ""56:29"", ""56:30""]","{""path"": ""maps_research/out/maps/mapsec_names.json"", ""json_pointer"": ""/names/110"", ""file_sha256"": ""60eae9ad6ccb185c6a4562e25a1c7403635e6077c038572f3d4842ab335fa8b6""}",ROM map section; not inferred major region,world/pages/regions/0198.md,
0xC7,199,0x0896F00C,48号道路,9,a5a904eb030708e8ff,111,"[""56:26""]","{""path"": ""maps_research/out/maps/mapsec_names.json"", ""json_pointer"": ""/names/111"", ""file_sha256"": ""60eae9ad6ccb185c6a4562e25a1c7403635e6077c038572f3d4842ab335fa8b6""}",ROM map section; not inferred major region,world/pages/regions/0199.md,
0xC8,200,0x0896F018,47号道路,9,a5a804eb030708e8ff,112,"[""56:25""]","{""path"": ""maps_research/out/maps/mapsec_names.json"", ""json_pointer"": ""/names/112"", ""file_sha256"": ""60eae9ad6ccb185c6a4562e25a1c7403635e6077c038572f3d4842ab335fa8b6""}",ROM map section; not inferred major region,world/pages/regions/0200.md,
0xC9,201,0x0896F024,断崖镇,7,03740eab1065ff,113,"[""1:101"", ""34:4"", ""34:5"", ""37:3"", ""40:0"", ""56:27"", ""56:74""]","{""path"": ""maps_research/out/maps/mapsec_names.json"", ""json_pointer"": ""/names/113"", ""file_sha256"": ""60eae9ad6ccb185c6a4562e25a1c7403635e6077c038572f3d4842ab335fa8b6""}",ROM map section; not inferred major region,world/pages/regions/0201.md,
0xCA,202,0x0896F030,27号道路,9,a3a804eb030708e8ff,114,"[""3:81"", ""41:0""]","{""path"": ""maps_research/out/maps/mapsec_names.json"", ""json_pointer"": ""/names/114"", ""file_sha256"": ""60eae9ad6ccb185c6a4562e25a1c7403635e6077c038572f3d4842ab335fa8b6""}",ROM map section; not inferred major region,world/pages/regions/0202.md,
0xCB,203,0x0896F03C,26号道路,9,a3a704eb030708e8ff,115,"[""39:0"", ""3:106"", ""55:1""]","{""path"": ""maps_research/out/maps/mapsec_names.json"", ""json_pointer"": ""/names/115"", ""file_sha256"": ""60eae9ad6ccb185c6a4562e25a1c7403635e6077c038572f3d4842ab335fa8b6""}",ROM map section; not inferred major region,world/pages/regions/0203.md,
0xCC,204,0x0896F048,28号道路,9,a3a904eb030708e8ff,116,[],"{""path"": ""maps_research/out/maps/mapsec_names.json"", ""json_pointer"": ""/names/116"", ""file_sha256"": ""60eae9ad6ccb185c6a4562e25a1c7403635e6077c038572f3d4842ab335fa8b6""}",ROM map section; not inferred major region,world/pages/regions/0204.md,
0xCD,205,0x0896F054,白银山,7,01360f480b9bff,117,[],"{""path"": ""maps_research/out/maps/mapsec_names.json"", ""json_pointer"": ""/names/117"", ""file_sha256"": ""60eae9ad6ccb185c6a4562e25a1c7403635e6077c038572f3d4842ab335fa8b6""}",ROM map section; not inferred major region,world/pages/regions/0205.md,
0xCE,206,0x0896F060,幻影之森,9,05500f5e107f0b8bff,118,"[""1:112"", ""56:43""]","{""path"": ""maps_research/out/maps/mapsec_names.json"", ""json_pointer"": ""/names/118"", ""file_sha256"": ""60eae9ad6ccb185c6a4562e25a1c7403635e6077c038572f3d4842ab335fa8b6""}",ROM map section; not inferred major region,world/pages/regions/0206.md,
0xCF,207,0x0896F06C,破海洞穴,9,0a8104c903590e91ff,119,"[""1:108"", ""1:113"", ""56:33"", ""56:34"", ""56:35"", ""56:36"", ""56:37"", ""56:38""]","{""path"": ""maps_research/out/maps/mapsec_names.json"", ""json_pointer"": ""/names/119"", ""file_sha256"": ""60eae9ad6ccb185c6a4562e25a1c7403635e6077c038572f3d4842ab335fa8b6""}",ROM map section; not inferred major region,world/pages/regions/0207.md,
0xD0,208,0x0896F078,海之彼岸,9,04c9107f01880115ff,120,"[""56:41""]","{""path"": ""maps_research/out/maps/mapsec_names.json"", ""json_pointer"": ""/names/120"", ""file_sha256"": ""60eae9ad6ccb185c6a4562e25a1c7403635e6077c038572f3d4842ab335fa8b6""}",ROM map section; not inferred major region,world/pages/regions/0208.md,
0xD1,209,0x0896F084,不知名遗迹,11,01d6107b09930f15058eff,121,"[""56:17"", ""56:18"", ""56:19"", ""56:20"", ""56:21"", ""56:22""]","{""path"": ""maps_research/out/maps/mapsec_names.json"", ""json_pointer"": ""/names/121"", ""file_sha256"": ""60eae9ad6ccb185c6a4562e25a1c7403635e6077c038572f3d4842ab335fa8b6""}",ROM map section; not inferred major region,world/pages/regions/0209.md,
0xD2,210,0x0896F090,都城瀑布,9,036102490a9401d7ff,122,"[""55:0""]","{""path"": ""maps_research/out/maps/mapsec_names.json"", ""json_pointer"": ""/names/122"", ""file_sha256"": ""60eae9ad6ccb185c6a4562e25a1c7403635e6077c038572f3d4842ab335fa8b6""}",ROM map section; not inferred major region,world/pages/regions/0210.md,
0xD3,211,0x0896F09C,埋藏之塔,9,092b01f3107f0ca1ff,123,"[""56:49""]","{""path"": ""maps_research/out/maps/mapsec_names.json"", ""json_pointer"": ""/names/123"", ""file_sha256"": ""60eae9ad6ccb185c6a4562e25a1c7403635e6077c038572f3d4842ab335fa8b6""}",ROM map section; not inferred major region,world/pages/regions/0211.md,
0xD4,212,0x0896F0B0,寂静之丘,9,05b00762107f0b12ff,124,"[""1:100"", ""1:102"", ""1:103"", ""1:104"", ""1:105"", ""1:106"", ""1:96"", ""1:97"", ""1:98"", ""56:40""]","{""path"": ""maps_research/out/maps/mapsec_names.json"", ""json_pointer"": ""/names/124"", ""file_sha256"": ""60eae9ad6ccb185c6a4562e25a1c7403635e6077c038572f3d4842ab335fa8b6""}",ROM map section; not inferred major region,world/pages/regions/0212.md,
0xD5,213,0x0896F0C0,跨海大桥,9,07f504c902d30adeff,125,"[""3:115"", ""51:8""]","{""path"": ""maps_research/out/maps/mapsec_names.json"", ""json_pointer"": ""/names/125"", ""file_sha256"": ""60eae9ad6ccb185c6a4562e25a1c7403635e6077c038572f3d4842ab335fa8b6""}",ROM map section; not inferred major region,world/pages/regions/0213.md,
0xD6,214,0x0896F0D0,城都矿山,9,02490361080a0b9bff,126,"[""1:110"", ""36:4"", ""37:4"", ""3:113"", ""51:9""]","{""path"": ""maps_research/out/maps/mapsec_names.json"", ""json_pointer"": ""/names/126"", ""file_sha256"": ""60eae9ad6ccb185c6a4562e25a1c7403635e6077c038572f3d4842ab335fa8b6""}",ROM map section; not inferred major region,world/pages/regions/0214.md,
0xD7,215,0x0896F0E0,纯白冻土,9,029f013603580d29ff,127,"[""52:23"", ""52:24""]","{""path"": ""maps_research/out/maps/mapsec_names.json"", ""json_pointer"": ""/names/127"", ""file_sha256"": ""60eae9ad6ccb185c6a4562e25a1c7403635e6077c038572f3d4842ab335fa8b6""}",ROM map section; not inferred major region,world/pages/regions/0215.md,
0xD8,216,0x0896F130,互动广场,9,0532035404ab0223ff,128,"[""51:10""]","{""path"": ""maps_research/out/maps/mapsec_names.json"", ""json_pointer"": ""/names/128"", ""file_sha256"": ""60eae9ad6ccb185c6a4562e25a1c7403635e6077c038572f3d4842ab335fa8b6""}",ROM map section; not inferred major region,world/pages/regions/0216.md,
0xD9,217,0x0896F140,龙穴,5,08cd0e91ff,129,"[""54:1"", ""54:2"", ""54:3"", ""54:8"", ""54:9""]","{""path"": ""maps_research/out/maps/mapsec_names.json"", ""json_pointer"": ""/names/129"", ""file_sha256"": ""60eae9ad6ccb185c6a4562e25a1c7403635e6077c038572f3d4842ab335fa8b6""}",ROM map section; not inferred major region,world/pages/regions/0217.md,
0xDA,218,0x0896F150,脐之岩,7,0aa5107f0ebbff,130,"[""2:0"", ""2:36"", ""2:43"", ""2:44"", ""2:45"", ""2:46"", ""2:54"", ""2:55"", ""56:53""]","{""path"": ""maps_research/out/maps/mapsec_names.json"", ""json_pointer"": ""/names/130"", ""file_sha256"": ""60eae9ad6ccb185c6a4562e25a1c7403635e6077c038572f3d4842ab335fa8b6""}",ROM map section; not inferred major region,world/pages/regions/0218.md,
0xDB,219,0x0896F160,对战开拓区,11,0379103007b80d400b1aff,131,"[""31:3"", ""54:12""]","{""path"": ""maps_research/out/maps/mapsec_names.json"", ""json_pointer"": ""/names/131"", ""file_sha256"": ""60eae9ad6ccb185c6a4562e25a1c7403635e6077c038572f3d4842ab335fa8b6""}",ROM map section; not inferred major region,world/pages/regions/0219.md,
0xDC,220,0x0896F170,对战塔,7,037910300ca1ff,132,"[""54:13"", ""54:14"", ""54:15"", ""54:16"", ""54:17"", ""54:18"", ""54:19"", ""54:20""]","{""path"": ""maps_research/out/maps/mapsec_names.json"", ""json_pointer"": ""/names/132"", ""file_sha256"": ""60eae9ad6ccb185c6a4562e25a1c7403635e6077c038572f3d4842ab335fa8b6""}",ROM map section; not inferred major region,world/pages/regions/0220.md,
0xDD,221,0x0896F180,秘密基地,9,097009740586031fff,133,"[""57:0"", ""57:1"", ""57:10"", ""57:11"", ""57:12"", ""57:13"", ""57:14"", ""57:15"", ""57:2"", ""57:3"", ""57:4"", ""57:5"", ""57:6"", ""57:7"", ""57:8"", ""57:9""]","{""path"": ""maps_research/out/maps/mapsec_names.json"", ""json_pointer"": ""/names/133"", ""file_sha256"": ""60eae9ad6ccb185c6a4562e25a1c7403635e6077c038572f3d4842ab335fa8b6""}",ROM map section; not inferred major region,world/pages/regions/0221.md,
0xDE,222,0xFFFFFFFF,,,,134,[],"{""path"": ""maps_research/out/maps/mapsec_names.json"", ""json_pointer"": ""/names/134"", ""file_sha256"": ""60eae9ad6ccb185c6a4562e25a1c7403635e6077c038572f3d4842ab335fa8b6""}",ROM map section; not inferred major region,world/pages/regions/0222.md,pointer outside ROM
0xDF,223,0xFFFFFFFF,,,,135,[],"{""path"": ""maps_research/out/maps/mapsec_names.json"", ""json_pointer"": ""/names/135"", ""file_sha256"": ""60eae9ad6ccb185c6a4562e25a1c7403635e6077c038572f3d4842ab335fa8b6""}",ROM map section; not inferred major region,world/pages/regions/0223.md,pointer outside ROM
0xE0,224,0xFFFFFFFF,,,,136,[],"{""path"": ""maps_research/out/maps/mapsec_names.json"", ""json_pointer"": ""/names/136"", ""file_sha256"": ""60eae9ad6ccb185c6a4562e25a1c7403635e6077c038572f3d4842ab335fa8b6""}",ROM map section; not inferred major region,world/pages/regions/0224.md,pointer outside ROM
0xE1,225,0xFFFFFFFF,,,,137,[],"{""path"": ""maps_research/out/maps/mapsec_names.json"", ""json_pointer"": ""/names/137"", ""file_sha256"": ""60eae9ad6ccb185c6a4562e25a1c7403635e6077c038572f3d4842ab335fa8b6""}",ROM map section; not inferred major region,world/pages/regions/0225.md,pointer outside ROM
0xE2,226,0xFFFFFFFF,,,,138,[],"{""path"": ""maps_research/out/maps/mapsec_names.json"", ""json_pointer"": ""/names/138"", ""file_sha256"": ""60eae9ad6ccb185c6a4562e25a1c7403635e6077c038572f3d4842ab335fa8b6""}",ROM map section; not inferred major region,world/pages/regions/0226.md,pointer outside ROM
0xE3,227,0xFFFFFFFF,,,,139,[],"{""path"": ""maps_research/out/maps/mapsec_names.json"", ""json_pointer"": ""/names/139"", ""file_sha256"": ""60eae9ad6ccb185c6a4562e25a1c7403635e6077c038572f3d4842ab335fa8b6""}",ROM map section; not inferred major region,world/pages/regions/0227.md,pointer outside ROM
0xE4,228,0xFFFFFFFF,,,,140,[],"{""path"": ""maps_research/out/maps/mapsec_names.json"", ""json_pointer"": ""/names/140"", ""file_sha256"": ""60eae9ad6ccb185c6a4562e25a1c7403635e6077c038572f3d4842ab335fa8b6""}",ROM map section; not inferred major region,world/pages/regions/0228.md,pointer outside ROM
0xE5,229,0xFFFFFFFF,,,,141,[],"{""path"": ""maps_research/out/maps/mapsec_names.json"", ""json_pointer"": ""/names/141"", ""file_sha256"": ""60eae9ad6ccb185c6a4562e25a1c7403635e6077c038572f3d4842ab335fa8b6""}",ROM map section; not inferred major region,world/pages/regions/0229.md,pointer outside ROM
0xE6,230,0xFFFFFFFF,,,,142,[],"{""path"": ""maps_research/out/maps/mapsec_names.json"", ""json_pointer"": ""/names/142"", ""file_sha256"": ""60eae9ad6ccb185c6a4562e25a1c7403635e6077c038572f3d4842ab335fa8b6""}",ROM map section; not inferred major region,world/pages/regions/0230.md,pointer outside ROM
0xE7,231,0xFFFFFFFF,,,,143,[],"{""path"": ""maps_research/out/maps/mapsec_names.json"", ""json_pointer"": ""/names/143"", ""file_sha256"": ""60eae9ad6ccb185c6a4562e25a1c7403635e6077c038572f3d4842ab335fa8b6""}",ROM map section; not inferred major region,world/pages/regions/0231.md,pointer outside ROM
0xE8,232,0xFFFFFFFF,,,,144,[],"{""path"": ""maps_research/out/maps/mapsec_names.json"", ""json_pointer"": ""/names/144"", ""file_sha256"": ""60eae9ad6ccb185c6a4562e25a1c7403635e6077c038572f3d4842ab335fa8b6""}",ROM map section; not inferred major region,world/pages/regions/0232.md,pointer outside ROM
0xE9,233,0xFFFFFFFF,,,,145,[],"{""path"": ""maps_research/out/maps/mapsec_names.json"", ""json_pointer"": ""/names/145"", ""file_sha256"": ""60eae9ad6ccb185c6a4562e25a1c7403635e6077c038572f3d4842ab335fa8b6""}",ROM map section; not inferred major region,world/pages/regions/0233.md,pointer outside ROM
0xEA,234,0xFFFFFFFF,,,,146,[],"{""path"": ""maps_research/out/maps/mapsec_names.json"", ""json_pointer"": ""/names/146"", ""file_sha256"": ""60eae9ad6ccb185c6a4562e25a1c7403635e6077c038572f3d4842ab335fa8b6""}",ROM map section; not inferred major region,world/pages/regions/0234.md,pointer outside ROM
0xEB,235,0xFFFFFFFF,,,,147,[],"{""path"": ""maps_research/out/maps/mapsec_names.json"", ""json_pointer"": ""/names/147"", ""file_sha256"": ""60eae9ad6ccb185c6a4562e25a1c7403635e6077c038572f3d4842ab335fa8b6""}",ROM map section; not inferred major region,world/pages/regions/0235.md,pointer outside ROM
0xEC,236,0xFFFFFFFF,,,,148,[],"{""path"": ""maps_research/out/maps/mapsec_names.json"", ""json_pointer"": ""/names/148"", ""file_sha256"": ""60eae9ad6ccb185c6a4562e25a1c7403635e6077c038572f3d4842ab335fa8b6""}",ROM map section; not inferred major region,world/pages/regions/0236.md,pointer outside ROM
0xED,237,0xFFFFFFFF,,,,149,[],"{""path"": ""maps_research/out/maps/mapsec_names.json"", ""json_pointer"": ""/names/149"", ""file_sha256"": ""60eae9ad6ccb185c6a4562e25a1c7403635e6077c038572f3d4842ab335fa8b6""}",ROM map section; not inferred major region,world/pages/regions/0237.md,pointer outside ROM
0xEE,238,0xFFFFFFFF,,,,150,[],"{""path"": ""maps_research/out/maps/mapsec_names.json"", ""json_pointer"": ""/names/150"", ""file_sha256"": ""60eae9ad6ccb185c6a4562e25a1c7403635e6077c038572f3d4842ab335fa8b6""}",ROM map section; not inferred major region,world/pages/regions/0238.md,pointer outside ROM
0xEF,239,0xFFFFFFFF,,,,151,[],"{""path"": ""maps_research/out/maps/mapsec_names.json"", ""json_pointer"": ""/names/151"", ""file_sha256"": ""60eae9ad6ccb185c6a4562e25a1c7403635e6077c038572f3d4842ab335fa8b6""}",ROM map section; not inferred major region,world/pages/regions/0239.md,pointer outside ROM
0xF0,240,0xFFFFFFFF,,,,152,[],"{""path"": ""maps_research/out/maps/mapsec_names.json"", ""json_pointer"": ""/names/152"", ""file_sha256"": ""60eae9ad6ccb185c6a4562e25a1c7403635e6077c038572f3d4842ab335fa8b6""}",ROM map section; not inferred major region,world/pages/regions/0240.md,pointer outside ROM
0xF1,241,0xFFFFFFFF,,,,153,[],"{""path"": ""maps_research/out/maps/mapsec_names.json"", ""json_pointer"": ""/names/153"", ""file_sha256"": ""60eae9ad6ccb185c6a4562e25a1c7403635e6077c038572f3d4842ab335fa8b6""}",ROM map section; not inferred major region,world/pages/regions/0241.md,pointer outside ROM
0xF2,242,0xFFFFFFFF,,,,154,[],"{""path"": ""maps_research/out/maps/mapsec_names.json"", ""json_pointer"": ""/names/154"", ""file_sha256"": ""60eae9ad6ccb185c6a4562e25a1c7403635e6077c038572f3d4842ab335fa8b6""}",ROM map section; not inferred major region,world/pages/regions/0242.md,pointer outside ROM
0xF3,243,0xFFFFFFFF,,,,155,[],"{""path"": ""maps_research/out/maps/mapsec_names.json"", ""json_pointer"": ""/names/155"", ""file_sha256"": ""60eae9ad6ccb185c6a4562e25a1c7403635e6077c038572f3d4842ab335fa8b6""}",ROM map section; not inferred major region,world/pages/regions/0243.md,pointer outside ROM
0xF4,244,0xFFFFFFFF,,,,156,[],"{""path"": ""maps_research/out/maps/mapsec_names.json"", ""json_pointer"": ""/names/156"", ""file_sha256"": ""60eae9ad6ccb185c6a4562e25a1c7403635e6077c038572f3d4842ab335fa8b6""}",ROM map section; not inferred major region,world/pages/regions/0244.md,pointer outside ROM
0xF5,245,0xFFFFFFFF,,,,157,[],"{""path"": ""maps_research/out/maps/mapsec_names.json"", ""json_pointer"": ""/names/157"", ""file_sha256"": ""60eae9ad6ccb185c6a4562e25a1c7403635e6077c038572f3d4842ab335fa8b6""}",ROM map section; not inferred major region,world/pages/regions/0245.md,pointer outside ROM
0xF6,246,0xFFFFFFFF,,,,158,[],"{""path"": ""maps_research/out/maps/mapsec_names.json"", ""json_pointer"": ""/names/158"", ""file_sha256"": ""60eae9ad6ccb185c6a4562e25a1c7403635e6077c038572f3d4842ab335fa8b6""}",ROM map section; not inferred major region,world/pages/regions/0246.md,pointer outside ROM
0xF7,247,0xFFFFFFFF,,,,159,[],"{""path"": ""maps_research/out/maps/mapsec_names.json"", ""json_pointer"": ""/names/159"", ""file_sha256"": ""60eae9ad6ccb185c6a4562e25a1c7403635e6077c038572f3d4842ab335fa8b6""}",ROM map section; not inferred major region,world/pages/regions/0247.md,pointer outside ROM
0xF8,248,0xFFFFFFFF,,,,160,[],"{""path"": ""maps_research/out/maps/mapsec_names.json"", ""json_pointer"": ""/names/160"", ""file_sha256"": ""60eae9ad6ccb185c6a4562e25a1c7403635e6077c038572f3d4842ab335fa8b6""}",ROM map section; not inferred major region,world/pages/regions/0248.md,pointer outside ROM
0xF9,249,0xFFFFFFFF,,,,161,[],"{""path"": ""maps_research/out/maps/mapsec_names.json"", ""json_pointer"": ""/names/161"", ""file_sha256"": ""60eae9ad6ccb185c6a4562e25a1c7403635e6077c038572f3d4842ab335fa8b6""}",ROM map section; not inferred major region,world/pages/regions/0249.md,pointer outside ROM
0xFA,250,0xFFFFFFFF,,,,162,[],"{""path"": ""maps_research/out/maps/mapsec_names.json"", ""json_pointer"": ""/names/162"", ""file_sha256"": ""60eae9ad6ccb185c6a4562e25a1c7403635e6077c038572f3d4842ab335fa8b6""}",ROM map section; not inferred major region,world/pages/regions/0250.md,pointer outside ROM
0xFB,251,0xFFFFFFFF,,,,163,[],"{""path"": ""maps_research/out/maps/mapsec_names.json"", ""json_pointer"": ""/names/163"", ""file_sha256"": ""60eae9ad6ccb185c6a4562e25a1c7403635e6077c038572f3d4842ab335fa8b6""}",ROM map section; not inferred major region,world/pages/regions/0251.md,pointer outside ROM
0xFC,252,0xFFFFFFFF,,,,164,[],"{""path"": ""maps_research/out/maps/mapsec_names.json"", ""json_pointer"": ""/names/164"", ""file_sha256"": ""60eae9ad6ccb185c6a4562e25a1c7403635e6077c038572f3d4842ab335fa8b6""}",ROM map section; not inferred major region,world/pages/regions/0252.md,pointer outside ROM
