mapsec_id,mapsec_name,species_id,species_name,addr,acquisition_id,map_ids,source
154,29号道路,286,土狼犬,0x9e3cdce,swarm:09E3CDCE,"[""38:0"", ""3:79"", ""44:0""]","{""path"": ""encounters_research/out/encounters.json"", ""json_pointer"": ""/swarm/entries/0"", ""file_sha256"": ""37eb8635e2952e74a2e39cfd62a20d3edb4def344f131b7ab04cada388371458""}"
171,46号道路,767,掘掘兔,0x9e3cdd2,swarm:09E3CDD2,"[""3:80""]","{""path"": ""encounters_research/out/encounters.json"", ""json_pointer"": ""/swarm/entries/1"", ""file_sha256"": ""37eb8635e2952e74a2e39cfd62a20d3edb4def344f131b7ab04cada388371458""}"
155,30号道路,588,圆蝌蚪,0x9e3cdd6,swarm:09E3CDD6,"[""3:50"", ""3:82"", ""56:76""]","{""path"": ""encounters_research/out/encounters.json"", ""json_pointer"": ""/swarm/entries/2"", ""file_sha256"": ""37eb8635e2952e74a2e39cfd62a20d3edb4def344f131b7ab04cada388371458""}"
182,桐树林,572,豆豆鸽,0x9e3cdda,swarm:09E3CDDA,"[""1:121"", ""55:40""]","{""path"": ""encounters_research/out/encounters.json"", ""json_pointer"": ""/swarm/entries/3"", ""file_sha256"": ""37eb8635e2952e74a2e39cfd62a20d3edb4def344f131b7ab04cada388371458""}"
156,31号道路,298,橡实果,0x9e3cdde,swarm:09E3CDDE,"[""3:51"", ""3:83"", ""44:1"", ""45:5"", ""45:6""]","{""path"": ""encounters_research/out/encounters.json"", ""json_pointer"": ""/swarm/entries/4"", ""file_sha256"": ""37eb8635e2952e74a2e39cfd62a20d3edb4def344f131b7ab04cada388371458""}"
157,32号道路,211,千针鱼,0x9e3cde2,swarm:09E3CDE2,"[""3:52"", ""3:84"", ""44:4"", ""46:8""]","{""path"": ""encounters_research/out/encounters.json"", ""json_pointer"": ""/swarm/entries/5"", ""file_sha256"": ""37eb8635e2952e74a2e39cfd62a20d3edb4def344f131b7ab04cada388371458""}"
158,33号道路,599,木棉球,0x9e3cde6,swarm:09E3CDE6,"[""3:53"", ""3:87""]","{""path"": ""encounters_research/out/encounters.json"", ""json_pointer"": ""/swarm/entries/6"", ""file_sha256"": ""37eb8635e2952e74a2e39cfd62a20d3edb4def344f131b7ab04cada388371458""}"
159,34号道路,392,拉鲁拉丝,0x9e3cdea,swarm:09E3CDEA,"[""3:46"", ""3:47"", ""3:54"", ""3:88"", ""44:6"", ""44:7"", ""50:0""]","{""path"": ""encounters_research/out/encounters.json"", ""json_pointer"": ""/swarm/entries/7"", ""file_sha256"": ""37eb8635e2952e74a2e39cfd62a20d3edb4def344f131b7ab04cada388371458""}"
160,35号道路,193,蜻蜻蜓,0x9e3cdee,swarm:09E3CDEE,"[""3:55"", ""3:90"", ""44:10"", ""44:8""]","{""path"": ""encounters_research/out/encounters.json"", ""json_pointer"": ""/swarm/entries/8"", ""file_sha256"": ""37eb8635e2952e74a2e39cfd62a20d3edb4def344f131b7ab04cada388371458""}"
177,黑暗洞穴,580,滚滚蝙蝠,0x9e3cdf2,swarm:09E3CDF2,"[""1:125"", ""1:126""]","{""path"": ""encounters_research/out/encounters.json"", ""json_pointer"": ""/swarm/entries/9"", ""file_sha256"": ""37eb8635e2952e74a2e39cfd62a20d3edb4def344f131b7ab04cada388371458""}"
180,连接洞,321,煤炭龟,0x9e3cdf6,swarm:09E3CDF6,"[""1:115"", ""1:116"", ""1:117"", ""1:118"", ""1:119"", ""1:120"", ""3:107"", ""3:86"", ""3:94""]","{""path"": ""encounters_research/out/encounters.json"", ""json_pointer"": ""/swarm/entries/10"", ""file_sha256"": ""37eb8635e2952e74a2e39cfd62a20d3edb4def344f131b7ab04cada388371458""}"
140,喇叭芽之塔,377,怨影娃娃,0x9e3cdfa,swarm:09E3CDFA,"[""1:88"", ""1:89"", ""1:90"", ""1:91"", ""1:92"", ""1:93"", ""52:2"", ""52:3""]","{""path"": ""encounters_research/out/encounters.json"", ""json_pointer"": ""/swarm/entries/11"", ""file_sha256"": ""37eb8635e2952e74a2e39cfd62a20d3edb4def344f131b7ab04cada388371458""}"
202,27号道路,966,泥驴仔,0x9e3cdfe,swarm:09E3CDFE,"[""3:81"", ""41:0""]","{""path"": ""encounters_research/out/encounters.json"", ""json_pointer"": ""/swarm/entries/12"", ""file_sha256"": ""37eb8635e2952e74a2e39cfd62a20d3edb4def344f131b7ab04cada388371458""}"
203,26号道路,308,晃晃斑,0x9e3ce02,swarm:09E3CE02,"[""39:0"", ""3:106"", ""55:1""]","{""path"": ""encounters_research/out/encounters.json"", ""json_pointer"": ""/swarm/entries/13"", ""file_sha256"": ""37eb8635e2952e74a2e39cfd62a20d3edb4def344f131b7ab04cada388371458""}"
132,冠军之路,822,嗡蝠,0x9e3ce06,swarm:09E3CE06,"[""1:39"", ""1:40"", ""1:41"", ""53:10"", ""53:8"", ""53:9""]","{""path"": ""encounters_research/out/encounters.json"", ""json_pointer"": ""/swarm/entries/14"", ""file_sha256"": ""37eb8635e2952e74a2e39cfd62a20d3edb4def344f131b7ab04cada388371458""}"
123,23号公路,1464,小锻匠,0x9e3ce0a,swarm:09E3CE0A,"[""29:0"", ""3:42""]","{""path"": ""encounters_research/out/encounters.json"", ""json_pointer"": ""/swarm/entries/15"", ""file_sha256"": ""37eb8635e2952e74a2e39cfd62a20d3edb4def344f131b7ab04cada388371458""}"
